"year","sex","name","n","prop"
2014,"F","Emma",20799,0.0107292417878665
2014,"F","Olivia",19674,0.0101489063385012
2014,"M","Noah",19144,0.00943149431346515
2014,"F","Sophia",18490,0.00953813551890243
2014,"M","Liam",18342,0.00903638052118564
2014,"M","Mason",17092,0.00842055478508913
2014,"F","Isabella",16950,0.00874372077043787
2014,"M","Jacob",16712,0.0082333437613158
2014,"M","William",16687,0.00822102724659387
2014,"M","Ethan",15619,0.00769486573767302
